seqName;clade;qc.overallScore;qc.overallStatus;totalSubstitutions;totalDeletions;totalInsertions;totalFrameShifts;totalAminoacidSubstitutions;totalAminoacidDeletions;totalMissing;totalNonACGTNs;totalPcrPrimerChanges;substitutions;deletions;insertions;frameShifts;aaSubstitutions;aaDeletions;missing;nonACGTNs;pcrPrimerChanges;alignmentScore;alignmentStart;alignmentEnd;qc.missingData.missingDataThreshold;qc.missingData.score;qc.missingData.status;qc.missingData.totalMissing;qc.mixedSites.mixedSitesThreshold;qc.mixedSites.score;qc.mixedSites.status;qc.mixedSites.totalMixedSites;qc.privateMutations.cutoff;qc.privateMutations.excess;qc.privateMutations.score;qc.privateMutations.status;qc.privateMutations.total;qc.snpClusters.clusteredSNPs;qc.snpClusters.score;qc.snpClusters.status;qc.snpClusters.totalSNPs;qc.frameShifts.frameShifts;qc.frameShifts.totalFrameShifts;qc.frameShifts.frameShiftsIgnored;qc.frameShifts.totalFrameShiftsIgnored;qc.frameShifts.score;qc.frameShifts.status;qc.stopCodons.stopCodons;qc.stopCodons.totalStopCodons;qc.stopCodons.score;qc.stopCodons.status;errors
MW885877.1;20A;0.000000;good;9;0;0;0;4;0;0;0;0;C241T,C2416T,C3037T,A5725G,C14408T,C16887T,A23403G,C24096A,G25563T;;;;ORF1b:P314L,ORF3a:Q57H,S:D614G,S:A845D;;;;;89508;22;29870;3000.000000;0.000000;good;0;10.000000;0.000000;good;0;24.000000;-5.000000;0.000000;good;3.000000;;0.000000;good;0;;0;;0;0.000000;good;;0;0.000000;good;
MW593154.1;19B;1.000000;good;6;0;0;0;4;0;0;1;0;C8782T,C17747T,A17858G,C18060T,G25064C,T28144C;;;;ORF1b:P1427L,ORF1b:Y1464C,ORF8:L84S,S:D1168H;;;K:18210;;89370;42;29840;3000.000000;0.000000;good;0;10.000000;10.000000;good;1;24.000000;-7.000000;0.000000;good;1.000000;;0.000000;good;0;;0;;0;0.000000;good;;0;0.000000;good;
MW593166.1;20C;0.000000;good;7;0;0;0;5;0;0;0;0;C241T,C1059T,C3037T,C14408T,A23403G,G24368T,G25563T;;;;ORF1a:T265I,ORF1b:P314L,ORF3a:Q57H,S:D614G,S:D936Y;;;;;89366;42;29840;3000.000000;0.000000;good;0;10.000000;0.000000;good;0;24.000000;-7.000000;0.000000;good;1.000000;;0.000000;good;0;;0;;0;0.000000;good;;0;0.000000;good;
MW593179.1;19B;0.000000;good;8;0;0;0;4;0;0;0;0;C8782T,C17747T,A17858G,C18060T,G21893A,C27276T,T27384C,T28144C;;;;ORF1b:P1427L,ORF1b:Y1464C,ORF8:L84S,S:D111N;;;;;89362;42;29840;3000.000000;0.000000;good;0;10.000000;0.000000;good;0;24.000000;-5.000000;0.000000;good;3.000000;;0.000000;good;0;;0;;0;0.000000;good;;0;0.000000;good;
MW593203.1;19B;0.000000;good;8;0;0;0;5;0;0;0;0;C8782T,C10818T,C14937T,C17747T,A17858G,C18060T,G25311A,T28144C;;;;ORF1a:A3518V,ORF1b:P1427L,ORF1b:Y1464C,ORF8:L84S,S:C1250Y;;;;;89362;42;29840;3000.000000;0.000000;good;0;10.000000;0.000000;good;0;24.000000;-5.000000;0.000000;good;3.000000;;0.000000;good;0;;0;;0;0.000000;good;;0;0.000000;good;
MW593370.1;19B;0.000000;good;10;0;0;0;6;0;0;0;0;C4794T,C5170T,C8782T,C16468T,T17673C,C17747T,A17858G,C18060T,A23109G,T28144C;;;;ORF1a:S1510F,ORF1b:P1001S,ORF1b:P1427L,ORF1b:Y1464C,ORF8:L84S,S:E516G;;;;;89354;42;29840;3000.000000;0.000000;good;0;10.000000;0.000000;good;0;24.000000;-3.000000;0.000000;good;5.000000;;0.000000;good;0;;0;;0;0.000000;good;;0;0.000000;good;
MW593405.1;19B;0.000000;good;9;0;0;0;5;0;0;0;0;C8782T,C9474T,C17747T,A17858G,C18060T,T19791C,G25273T,A27525G,T28144C;;;;ORF1a:A3070V,ORF1b:P1427L,ORF1b:Y1464C,ORF8:L84S,S:M1237I;;;;;89358;42;29840;3000.000000;0.000000;good;0;10.000000;0.000000;good;0;24.000000;-4.000000;0.000000;good;4.000000;;0.000000;good;0;;0;;0;0.000000;good;;0;0.000000;good;
MW593754.1;20C;0.000000;good;8;0;0;0;5;0;0;0;0;C241T,C1059T,C3037T,C14408T,A23403G,G24348T,G25563T,G29553A;;;;ORF1a:T265I,ORF1b:P314L,ORF3a:Q57H,S:D614G,S:S929I;;;;;89362;42;29840;3000.000000;0.000000;good;0;10.000000;0.000000;good;0;24.000000;-7.000000;0.000000;good;1.000000;;0.000000;good;0;;0;;0;0.000000;good;;0;0.000000;good;
MW593765.1;19B;0.000000;good;8;0;0;0;6;0;0;0;0;G2036A,C8782T,C17747T,A17858G,C18060T,C21575T,T28144C,T28229G;;;;ORF1a:A591T,ORF1b:P1427L,ORF1b:Y1464C,ORF8:L84S,ORF8:H112Q,S:L5F;;;;;89362;42;29840;3000.000000;0.000000;good;0;10.000000;0.000000;good;0;24.000000;-5.000000;0.000000;good;3.000000;;0.000000;good;0;;0;;0;0.000000;good;;0;0.000000;good;
MW593827.1;19B;0.000000;good;7;0;0;0;5;0;0;0;0;C8782T,A14836G,C17747T,A17858G,C18060T,T22304C,T28144C;;;;ORF1b:I457V,ORF1b:P1427L,ORF1b:Y1464C,ORF8:L84S,S:Y248H;;;;;89366;42;29840;3000.000000;0.000000;good;0;10.000000;0.000000;good;0;24.000000;-7.000000;0.000000;good;1.000000;;0.000000;good;0;;0;;0;0.000000;good;;0;0.000000;good;
MW593858.1;19B;0.000000;good;9;0;0;0;5;0;0;0;0;C8782T,C15738T,C17747T,A17858G,C18060T,C21642T,A27525G,T28144C,G28655T;;;;N:D128Y,ORF1b:P1427L,ORF1b:Y1464C,ORF8:L84S,S:A27V;;;;;89358;42;29840;3000.000000;0.000000;good;0;10.000000;0.000000;good;0;24.000000;-4.000000;0.000000;good;4.000000;;0.000000;good;0;;0;;0;0.000000;good;;0;0.000000;good;
MW593866.1;19B;0.000000;good;7;0;0;0;4;0;0;0;0;C8782T,C17747T,A17858G,C18060T,G21770T,T27384C,T28144C;;;;ORF1b:P1427L,ORF1b:Y1464C,ORF8:L84S,S:V70F;;;;;89366;42;29840;3000.000000;0.000000;good;0;10.000000;0.000000;good;0;24.000000;-6.000000;0.000000;good;2.000000;;0.000000;good;0;;0;;0;0.000000;good;;0;0.000000;good;
MW593867.1;19B;0.000000;good;10;0;0;0;7;0;0;0;0;C5784T,C6723T,C8782T,C16716T,C17747T,A17858G,C18060T,C22281T,G26730A,T28144C;;;;M:V70I,ORF1a:T1840I,ORF1a:T2153I,ORF1b:P1427L,ORF1b:Y1464C,ORF8:L84S,S:T240I;;;;;89354;42;29840;3000.000000;0.000000;good;0;10.000000;0.000000;good;0;24.000000;-3.000000;0.000000;good;5.000000;;0.000000;good;0;;0;;0;0.000000;good;;0;0.000000;good;
MW211010.1;19A;0.000000;good;10;0;0;0;5;0;18;0;0;A1515G,C9223T,G11083T,C14805T,T17247C,G21795A,G26144T,C28054T,G29868A,C29870A;;;;ORF1a:H417R,ORF1a:L3606F,ORF3a:G251V,ORF8:S54L,S:R78K;;9455-9462,29858-29867;;;89564;35;29903;3000.000000;0.000000;good;18;10.000000;0.000000;good;0;24.000000;-2.000000;0.000000;good;6.000000;;0.000000;good;0;;0;;0;0.000000;good;;0;0.000000;good;
MW190210.1;20B;0.000000;good;9;0;0;0;5;0;0;0;3;C241T,C313T,C3037T,C14408T,C22224T,A23403G,G28881A,G28882A,G28883C;;;;N:R203K,N:G204R,ORF1b:P314L,S:S221L,S:D614G;;;;"ChinaCDC_N_F:G28881A;G28882A;G28883C";89310;54;29836;3000.000000;0.000000;good;0;10.000000;0.000000;good;0;24.000000;-7.000000;0.000000;good;1.000000;;0.000000;good;0;;0;;0;0.000000;good;;0;0.000000;good;
MW190220.1;20C;0.000000;good;8;0;0;0;5;0;0;0;0;C241T,C1059T,C3037T,C13860T,C14408T,A23403G,G23755T,G25563T;;;;ORF1a:T265I,ORF1b:P314L,ORF3a:Q57H,S:D614G,S:M731I;;;;;89314;54;29836;3000.000000;0.000000;good;0;10.000000;0.000000;good;0;24.000000;-6.000000;0.000000;good;2.000000;;0.000000;good;0;;0;;0;0.000000;good;;0;0.000000;good;
MW190243.1;20C;0.000000;good;7;0;0;0;5;0;0;0;0;C241T,C1059T,C3037T,C14408T,A23403G,G24095T,G25563T;;;;ORF1a:T265I,ORF1b:P314L,ORF3a:Q57H,S:D614G,S:A845S;;;;;89318;54;29836;3000.000000;0.000000;good;0;10.000000;0.000000;good;0;24.000000;-7.000000;0.000000;good;1.000000;;0.000000;good;0;;0;;0;0.000000;good;;0;0.000000;good;
MW190272.1;19B;0.000000;good;7;0;0;0;4;0;0;0;0;C8782T,C17747T,A17858G,C18060T,C21635A,A24694T,T28144C;;;;ORF1b:P1427L,ORF1b:Y1464C,ORF8:L84S,S:P25T;;;;;89318;54;29836;3000.000000;0.000000;good;0;10.000000;0.000000;good;0;24.000000;-7.000000;0.000000;good;1.000000;;0.000000;good;0;;0;;0;0.000000;good;;0;0.000000;good;
MW190273.1;20A;0.000000;good;8;0;0;0;4;0;0;0;0;C241T,C3037T,A5317G,C14408T,C18877T,A23403G,G24220T,G25563T;;;;ORF1b:P314L,ORF3a:Q57H,S:D614G,S:W886C;;;;;89314;54;29836;3000.000000;0.000000;good;0;10.000000;0.000000;good;0;24.000000;-6.000000;0.000000;good;2.000000;;0.000000;good;0;;0;;0;0.000000;good;;0;0.000000;good;
MW190289.1;20A;0.000000;good;8;0;0;0;4;0;0;0;0;C241T,C2416T,C3037T,C14408T,A23403G,A24423T,G25563T,G29742T;;;;ORF1b:P314L,ORF3a:Q57H,S:D614G,S:Q954L;;;;;89314;54;29836;3000.000000;0.000000;good;0;10.000000;0.000000;good;0;24.000000;-6.000000;0.000000;good;2.000000;;0.000000;good;0;;0;;0;0.000000;good;;0;0.000000;good;
MW190303.1;19B;0.000000;good;7;0;0;0;4;0;0;0;0;C8782T,C17747T,A17858G,C18060T,C22326T,A24694T,T28144C;;;;ORF1b:P1427L,ORF1b:Y1464C,ORF8:L84S,S:S255F;;;;;89318;54;29836;3000.000000;0.000000;good;0;10.000000;0.000000;good;0;24.000000;-7.000000;0.000000;good;1.000000;;0.000000;good;0;;0;;0;0.000000;good;;0;0.000000;good;
MW190406.1;20C;0.000000;good;8;0;0;0;5;0;0;0;0;C241T,C1059T,C3037T,C14408T,A23403G,C23679T,G25563T,C27005T;;;;ORF1a:T265I,ORF1b:P314L,ORF3a:Q57H,S:D614G,S:A706V;;;;;89314;54;29836;3000.000000;0.000000;good;0;10.000000;0.000000;good;0;24.000000;-6.000000;0.000000;good;2.000000;;0.000000;good;0;;0;;0;0.000000;good;;0;0.000000;good;
MW190510.1;20C;0.000000;good;10;0;0;0;7;0;0;0;0;C241T,C1059T,C3037T,C11471T,C14408T,A21759G,A23403G,G25563T,C27964T,C28849T;;;;ORF1a:T265I,ORF1a:L3736F,ORF1b:P314L,ORF3a:Q57H,ORF8:S24L,S:H66R,S:D614G;;;;;89306;54;29836;3000.000000;0.000000;good;0;10.000000;0.000000;good;0;24.000000;-5.000000;0.000000;good;3.000000;;0.000000;good;0;;0;;0;0.000000;good;;0;0.000000;good;
MW190556.1;20A;0.000000;good;7;9;0;0;4;3;0;0;0;C241T,C3037T,C14408T,C18877T,A23403G,T24224C,G25563T;686-694;;;ORF1b:P314L,ORF3a:Q57H,S:D614G,S:F888L;ORF1a:K141-,ORF1a:S142-,ORF1a:F143-;;;;89284;54;29836;3000.000000;0.000000;good;0;10.000000;0.000000;good;0;24.000000;-7.000000;0.000000;good;1.000000;;0.000000;good;0;;0;;0;0.000000;good;;0;0.000000;good;
MW190600.1;20C;0.000000;good;8;0;0;0;5;0;0;0;0;C241T,C1059T,C3037T,C14408T,G14622T,C21789T,A23403G,G25563T;;;;ORF1a:T265I,ORF1b:P314L,ORF3a:Q57H,S:T76I,S:D614G;;;;;89314;54;29836;3000.000000;0.000000;good;0;10.000000;0.000000;good;0;24.000000;-6.000000;0.000000;good;2.000000;;0.000000;good;0;;0;;0;0.000000;good;;0;0.000000;good;
MW190617.1;20C;0.000000;good;8;15;0;0;5;5;0;0;0;C241T,C1059T,C3037T,C14408T,G23012A,A23403G,G25563T,A29676T;509-523;;;ORF1a:T265I,ORF1b:P314L,ORF3a:Q57H,S:E484K,S:D614G;ORF1a:G82-,ORF1a:H83-,ORF1a:V84-,ORF1a:M85-,ORF1a:V86-;;;;89262;54;29836;3000.000000;0.000000;good;0;10.000000;0.000000;good;0;24.000000;-6.000000;0.000000;good;2.000000;;0.000000;good;0;;0;;0;0.000000;good;;0;0.000000;good;
MW190673.1;20C;0.000000;good;9;0;0;0;7;0;0;0;0;C241T,C1059T,C1917T,C3037T,C14408T,G20005A,C23277T,A23403G,G25563T;;;;ORF1a:T265I,ORF1a:T551I,ORF1b:P314L,ORF1b:G2180S,ORF3a:Q57H,S:T572I,S:D614G;;;;;89310;54;29836;3000.000000;0.000000;good;0;10.000000;0.000000;good;0;24.000000;-5.000000;0.000000;good;3.000000;;0.000000;good;0;;0;;0;0.000000;good;;0;0.000000;good;
MW190677.1;20C;0.000000;good;8;0;0;0;6;0;0;0;0;C241T,C1059T,A2018G,C3037T,C14408T,T21995C,A23403G,G25563T;;;;ORF1a:T265I,ORF1a:M585V,ORF1b:P314L,ORF3a:Q57H,S:Y145H,S:D614G;;;;;89314;54;29836;3000.000000;0.000000;good;0;10.000000;0.000000;good;0;24.000000;-6.000000;0.000000;good;2.000000;;0.000000;good;0;;0;;0;0.000000;good;;0;0.000000;good;
MW190678.1;20C;0.000000;good;10;0;0;0;7;0;0;0;0;C241T,C1059T,C3037T,C11916T,C14408T,C18998T,A23403G,C23415T,G25563T,G29540A;;;;ORF1a:T265I,ORF1a:S3884L,ORF1b:P314L,ORF1b:A1844V,ORF3a:Q57H,S:D614G,S:T618I;;;;;89306;54;29836;3000.000000;0.000000;good;0;10.000000;0.000000;good;0;24.000000;-7.000000;0.000000;good;1.000000;;0.000000;good;0;;0;;0;0.000000;good;;0;0.000000;good;
MW190724.1;20A;0.000000;good;5;0;0;0;3;0;0;0;0;C241T,C3037T,C14408T,A23403G,G24077T;;;;ORF1b:P314L,S:D614G,S:D839Y;;;;;89326;54;29836;3000.000000;0.000000;good;0;10.000000;0.000000;good;0;24.000000;-7.000000;0.000000;good;1.000000;;0.000000;good;0;;0;;0;0.000000;good;;0;0.000000;good;
MW190730.1;19B;0.000000;good;7;0;0;0;5;0;0;0;0;C8782T,C17747T,A17858G,C18060T,C19718T,G24038T,T28144C;;;;ORF1b:P1427L,ORF1b:Y1464C,ORF1b:T2084I,ORF8:L84S,S:V826L;;;;;89318;54;29836;3000.000000;0.000000;good;0;10.000000;0.000000;good;0;24.000000;-6.000000;0.000000;good;2.000000;;0.000000;good;0;;0;;0;0.000000;good;;0;0.000000;good;
MW190731.1;20C;0.000000;good;10;0;0;0;6;0;0;0;0;C241T,C379A,C1059T,C3037T,C14408T,C21304A,G21305A,A23403G,G23666C,G25563T;;;;ORF1a:T265I,ORF1b:P314L,ORF1b:R2613N,ORF3a:Q57H,S:D614G,S:E702Q;;;;;89306;54;29836;3000.000000;0.000000;good;0;10.000000;0.000000;good;0;24.000000;-4.000000;0.000000;good;4.000000;;0.000000;good;0;;0;;0;0.000000;good;;0;0.000000;good;
MW190833.1;19B;0.000000;good;6;0;0;0;4;0;0;0;0;C8782T,C17747T,A17858G,C18060T,C21767T,T28144C;;;;ORF1b:P1427L,ORF1b:Y1464C,ORF8:L84S,S:H69Y;;;;;89322;54;29836;3000.000000;0.000000;good;0;10.000000;0.000000;good;0;24.000000;-7.000000;0.000000;good;1.000000;;0.000000;good;0;;0;;0;0.000000;good;;0;0.000000;good;
MW190903.1;20C;0.000000;good;9;0;0;0;7;0;0;0;0;C241T,C1059T,C3037T,A5011C,C13424T,C14408T,A23403G,C24378T,G25563T;;;;ORF1a:T265I,ORF1a:Q1582H,ORF1a:R4387C,ORF1b:P314L,ORF3a:Q57H,S:D614G,S:S939F;;;;;89310;54;29836;3000.000000;0.000000;good;0;10.000000;0.000000;good;0;24.000000;-5.000000;0.000000;good;3.000000;;0.000000;good;0;;0;;0;0.000000;good;;0;0.000000;good;
MW190905.1;20C;0.000000;good;7;0;0;0;5;0;0;0;0;C241T,C1059T,C3037T,C14408T,A23403G,G24197T,G25563T;;;;ORF1a:T265I,ORF1b:P314L,ORF3a:Q57H,S:D614G,S:A879S;;;;;89318;54;29836;3000.000000;0.000000;good;0;10.000000;0.000000;good;0;24.000000;-7.000000;0.000000;good;1.000000;;0.000000;good;0;;0;;0;0.000000;good;;0;0.000000;good;
MW190913.1;20C;0.000000;good;7;0;0;0;5;0;0;0;0;C241T,C1059T,C3037T,C14408T,C22227T,A23403G,G25563T;;;;ORF1a:T265I,ORF1b:P314L,ORF3a:Q57H,S:A222V,S:D614G;;;;;89318;54;29836;3000.000000;0.000000;good;0;10.000000;0.000000;good;0;24.000000;-7.000000;0.000000;good;1.000000;;0.000000;good;0;;0;;0;0.000000;good;;0;0.000000;good;
MW190987.1;19B;0.000000;good;13;0;0;0;8;0;0;0;0;T490A,C3177T,C8782T,C9113T,T18736C,C21648T,C24034T,T26729C,C27635T,G28077C,T28144C,A29567C,A29700G;;;;ORF1a:D75E,ORF1a:P971L,ORF1a:P2950S,ORF1b:F1757L,ORF7a:S81L,ORF8:V62L,ORF8:L84S,S:T29I;;;;;89294;54;29836;3000.000000;0.000000;good;0;10.000000;0.000000;good;0;24.000000;-4.000000;0.000000;good;4.000000;;0.000000;good;0;;0;;0;0.000000;good;;0;0.000000;good;
MW191008.1;20A;0.000000;good;6;0;0;0;3;0;0;0;0;C241T,G613A,C3037T,C14408T,G22346A,A23403G;;;;ORF1b:P314L,S:A262T,S:D614G;;;;;89322;54;29836;3000.000000;0.000000;good;0;10.000000;0.000000;good;0;24.000000;-6.000000;0.000000;good;2.000000;;0.000000;good;0;;0;;0;0.000000;good;;0;0.000000;good;
MW191038.1;19B;0.000000;good;14;0;0;0;7;0;0;0;0;T490A,C3177T,C8782T,C11575T,T18736C,C21811T,C24034T,C24237T,T26729C,C27635T,G28077C,T28144C,A29700G,C29739T;;;;ORF1a:D75E,ORF1a:P971L,ORF1b:F1757L,ORF7a:S81L,ORF8:V62L,ORF8:L84S,S:A892V;;;;;89290;54;29836;3000.000000;0.000000;good;0;10.000000;0.000000;good;0;24.000000;-3.000000;0.000000;good;5.000000;;0.000000;good;0;;0;;0;0.000000;good;;0;0.000000;good;
MW191058.1;19B;0.000000;good;7;0;0;0;4;0;111;0;0;C8782T,C16887T,C17747T,A17858G,C18060T,C24231T,T28144C;;;;ORF1b:P1427L,ORF1b:Y1464C,ORF8:L84S,S:A890V;;13379-13438,13571-13621;;;89318;54;29836;3000.000000;0.000000;good;111;10.000000;0.000000;good;0;24.000000;-6.000000;0.000000;good;2.000000;;0.000000;good;0;;0;;0;0.000000;good;;0;0.000000;good;
MW191062.1;19B;0.000000;good;7;0;0;0;5;0;0;0;0;C8782T,C16859T,C17747T,A17858G,C18060T,A22005G,T28144C;;;;ORF1b:A1131V,ORF1b:P1427L,ORF1b:Y1464C,ORF8:L84S,S:N148S;;;;;89318;54;29836;3000.000000;0.000000;good;0;10.000000;0.000000;good;0;24.000000;-6.000000;0.000000;good;2.000000;;0.000000;good;0;;0;;0;0.000000;good;;0;0.000000;good;
MW191091.1;19A;0.000000;good;5;0;0;0;2;0;0;0;0;A1587G,C24863T,G29711T,C29750T,C29774G;;;;ORF1a:E441G,S:H1101Y;;;;;89326;54;29836;3000.000000;0.000000;good;0;10.000000;0.000000;good;0;24.000000;-4.000000;0.000000;good;4.000000;;0.000000;good;0;;0;;0;0.000000;good;;0;0.000000;good;
MW191140.1;20C;0.000000;good;10;0;0;0;7;0;0;0;0;C241T,C1059T,C3037T,A8245C,C14408T,T19896C,A20755C,A23403G,T25233C,G25563T;;;;ORF1a:T265I,ORF1a:Q2660H,ORF1b:P314L,ORF1b:S2430R,ORF3a:Q57H,S:D614G,S:L1224S;;;;;89306;54;29836;3000.000000;0.000000;good;0;10.000000;0.000000;good;0;24.000000;-4.000000;0.000000;good;4.000000;;0.000000;good;0;;0;;0;0.000000;good;;0;0.000000;good;
MW191179.1;19B;0.000000;good;7;0;0;0;4;0;0;0;0;C8782T,C17747T,A17858G,C18060T,T21644C,T25138C,T28144C;;;;ORF1b:P1427L,ORF1b:Y1464C,ORF8:L84S,S:Y28H;;;;;89318;54;29836;3000.000000;0.000000;good;0;10.000000;0.000000;good;0;24.000000;-6.000000;0.000000;good;2.000000;;0.000000;good;0;;0;;0;0.000000;good;;0;0.000000;good;
MW191211.1;19B;0.000000;good;14;0;0;0;8;0;0;0;0;T490A,C3177T,C8782T,T13180C,C16084T,G17641A,T18736C,C24034T,A24129G,T26729C,C26882T,G28077C,T28144C,A29700G;;;;ORF1a:D75E,ORF1a:P971L,ORF1b:H873Y,ORF1b:A1392T,ORF1b:F1757L,ORF8:V62L,ORF8:L84S,S:N856S;;;;;89290;54;29836;3000.000000;0.000000;good;0;10.000000;0.000000;good;0;24.000000;-3.000000;0.000000;good;5.000000;;0.000000;good;0;;0;;0;0.000000;good;;0;0.000000;good;
MW191217.1;20B;0.000000;good;9;0;0;0;6;0;0;0;3;C241T,A2240G,C3037T,C14408T,C22986T,A23403G,G28881A,G28882A,G28883C;;;;N:R203K,N:G204R,ORF1a:I659V,ORF1b:P314L,S:A475V,S:D614G;;;;"ChinaCDC_N_F:G28881A;G28882A;G28883C";89310;54;29836;3000.000000;0.000000;good;0;10.000000;0.000000;good;0;24.000000;-6.000000;0.000000;good;2.000000;;0.000000;good;0;;0;;0;0.000000;good;;0;0.000000;good;
MW191244.1;20C;0.000000;good;7;0;0;0;5;0;0;0;0;C241T,C1059T,C3037T,C14408T,A23403G,C23453T,G25563T;;;;ORF1a:T265I,ORF1b:P314L,ORF3a:Q57H,S:D614G,S:P631S;;;;;89318;54;29836;3000.000000;0.000000;good;0;10.000000;0.000000;good;0;24.000000;-7.000000;0.000000;good;1.000000;;0.000000;good;0;;0;;0;0.000000;good;;0;0.000000;good;
MW191270.1;20C;0.000000;good;9;0;0;0;7;0;0;0;0;C241T,C1059T,C3037T,C12513T,C14408T,G18255T,G21986A,A23403G,G25563T;;;;ORF1a:T265I,ORF1a:T4083M,ORF1b:P314L,ORF1b:M1596I,ORF3a:Q57H,S:G142S,S:D614G;;;;;89310;54;29836;3000.000000;0.000000;good;0;10.000000;0.000000;good;0;24.000000;-5.000000;0.000000;good;3.000000;;0.000000;good;0;;0;;0;0.000000;good;;0;0.000000;good;
MW191321.1;19A;0.000000;good;2;0;0;0;2;0;0;0;0;G14829T,C23997T;;;;ORF1b:M454I,S:P812L;;;;;89338;54;29836;3000.000000;0.000000;good;0;10.000000;0.000000;good;0;24.000000;-6.000000;0.000000;good;2.000000;;0.000000;good;0;;0;;0;0.000000;good;;0;0.000000;good;
MW191327.1;20A;0.000000;good;7;0;0;0;4;0;0;0;0;C241T,C3037T,C14408T,G21624T,A23403G,C23575T,G23587C;;;;ORF1b:P314L,S:R21I,S:D614G,S:Q675H;;;;;89318;54;29836;3000.000000;0.000000;good;0;10.000000;0.000000;good;0;24.000000;-5.000000;0.000000;good;3.000000;;0.000000;good;0;;0;;0;0.000000;good;;0;0.000000;good;
MW191335.1;20A;0.000000;good;9;0;0;0;5;0;0;0;1;C241T,C3037T,C14408T,C15324T,C18904T,C21646T,C22208T,A23403G,G25606T;;;;ORF1b:P314L,ORF1b:R1813C,ORF3a:A72S,S:L216F,S:D614G;;;;HKU_ORF_R:C18904T;89310;54;29836;3000.000000;0.000000;good;0;10.000000;0.000000;good;0;24.000000;-4.000000;0.000000;good;4.000000;;0.000000;good;0;;0;;0;0.000000;good;;0;0.000000;good;
MW191342.1;20B;0.000000;good;11;0;0;0;7;0;0;0;3;C241T,C3037T,C3373A,C14408T,C19454T,T23155C,A23403G,C24795T,G28881A,G28882A,G28883C;;;;N:R203K,N:G204R,ORF1a:D1036E,ORF1b:P314L,ORF1b:T1996M,S:D614G,S:A1078V;;;;"ChinaCDC_N_F:G28881A;G28882A;G28883C";89302;54;29836;3000.000000;0.000000;good;0;10.000000;0.000000;good;0;24.000000;-5.000000;0.000000;good;3.000000;;0.000000;good;0;;0;;0;0.000000;good;;0;0.000000;good;
MW191398.1;20C;0.000000;good;7;0;0;0;5;0;0;0;0;C241T,C1059T,C3037T,C14408T,A23403G,G24872T,G25563T;;;;ORF1a:T265I,ORF1b:P314L,ORF3a:Q57H,S:D614G,S:V1104L;;;;;89318;54;29836;3000.000000;0.000000;good;0;10.000000;0.000000;good;0;24.000000;-7.000000;0.000000;good;1.000000;;0.000000;good;0;;0;;0;0.000000;good;;0;0.000000;good;
MW191408.1;19B;0.000000;good;7;0;0;0;4;0;0;0;0;C8782T,C17747T,A17858G,C18060T,C21614T,A24694T,T28144C;;;;ORF1b:P1427L,ORF1b:Y1464C,ORF8:L84S,S:L18F;;;;;89318;54;29836;3000.000000;0.000000;good;0;10.000000;0.000000;good;0;24.000000;-7.000000;0.000000;good;1.000000;;0.000000;good;0;;0;;0;0.000000;good;;0;0.000000;good;
MW191462.1;20C;0.000000;good;11;0;0;0;9;0;0;0;0;C241T,C1059T,C3037T,C10319T,C14408T,C19586A,C21304A,C21627T,A23403G,G25563T,C27964T;;;;ORF1a:T265I,ORF1a:L3352F,ORF1b:P314L,ORF1b:T2040N,ORF1b:R2613S,ORF3a:Q57H,ORF8:S24L,S:T22I,S:D614G;;;;;89302;54;29836;3000.000000;0.000000;good;0;10.000000;0.000000;good;0;24.000000;-5.000000;0.000000;good;3.000000;;0.000000;good;0;;0;;0;0.000000;good;;0;0.000000;good;
MW191473.1;20C;0.000000;good;8;0;0;0;5;0;0;0;0;C241T,C1059T,C3037T,C5878T,C14408T,A23403G,A24122G,G25563T;;;;ORF1a:T265I,ORF1b:P314L,ORF3a:Q57H,S:D614G,S:K854E;;;;;89314;54;29836;3000.000000;0.000000;good;0;10.000000;0.000000;good;0;24.000000;-6.000000;0.000000;good;2.000000;;0.000000;good;0;;0;;0;0.000000;good;;0;0.000000;good;
MW064557.1;19A;0.000000;good;3;0;0;0;2;0;0;0;0;T2116A,A23354G,G29711T;;;;ORF1a:F617L,S:I598V;;;;;89334;54;29836;3000.000000;0.000000;good;0;10.000000;0.000000;good;0;24.000000;-6.000000;0.000000;good;2.000000;;0.000000;good;0;;0;;0;0.000000;good;;0;0.000000;good;
MW064563.1;20C;0.000000;good;8;0;0;0;6;0;0;0;0;C241T,C1059T,C3037T,C14408T,A23403G,C23709T,G25563T,C27964T;;;;ORF1a:T265I,ORF1b:P314L,ORF3a:Q57H,ORF8:S24L,S:D614G,S:T716I;;;;;89314;54;29836;3000.000000;0.000000;good;0;10.000000;0.000000;good;0;24.000000;-7.000000;0.000000;good;1.000000;;0.000000;good;0;;0;;0;0.000000;good;;0;0.000000;good;
MW064606.1;20C;0.000000;good;8;0;0;0;6;0;281;0;0;C241T,C1059T,C3037T,C14408T,A23403G,G24301T,G25563T,C27964T;;;;ORF1a:T265I,ORF1b:P314L,ORF3a:Q57H,ORF8:S24L,S:D614G,S:Q913H;;13379-13437,13571-13621,25647-25745,25853-25924;;;89314;54;29836;3000.000000;0.000000;good;281;10.000000;0.000000;good;0;24.000000;-7.000000;0.000000;good;1.000000;;0.000000;good;0;;0;;0;0.000000;good;;0;0.000000;good;
MW064618.1;20C;0.000000;good;8;0;0;0;5;0;168;0;0;C241T,C1059T,C3037T,C14408T,C18267T,G21793C,A23403G,G25563T;;;;ORF1a:T265I,ORF1b:P314L,ORF3a:Q57H,S:K77N,S:D614G;;18349-18423,18504-18596;;;89314;54;29836;3000.000000;0.000000;good;168;10.000000;0.000000;good;0;24.000000;-6.000000;0.000000;good;2.000000;;0.000000;good;0;;0;;0;0.000000;good;;0;0.000000;good;
MW064670.1;20C;0.000000;good;8;0;0;0;6;0;0;0;0;C241T,C1059T,C3037T,C14408T,G20853T,G22103C,A23403G,G25563T;;;;ORF1a:T265I,ORF1b:P314L,ORF1b:M2462I,ORF3a:Q57H,S:G181R,S:D614G;;;;;89314;54;29836;3000.000000;0.000000;good;0;10.000000;0.000000;good;0;24.000000;-6.000000;0.000000;good;2.000000;;0.000000;good;0;;0;;0;0.000000;good;;0;0.000000;good;
MW064678.1;20C;0.000000;good;7;0;0;0;5;0;0;0;0;C241T,C1059T,C3037T,C14408T,G23236T,A23403G,G25563T;;;;ORF1a:T265I,ORF1b:P314L,ORF3a:Q57H,S:K558N,S:D614G;;;;;89318;54;29836;3000.000000;0.000000;good;0;10.000000;0.000000;good;0;24.000000;-7.000000;0.000000;good;1.000000;;0.000000;good;0;;0;;0;0.000000;good;;0;0.000000;good;
MW064699.1;19B;0.000000;good;8;0;0;0;6;0;0;0;0;C4421T,C8782T,G10256T,C17747T,A17858G,C18060T,G25297T,T28144C;;;;ORF1a:R1386C,ORF1a:V3331L,ORF1b:P1427L,ORF1b:Y1464C,ORF8:L84S,S:K1245N;;;;;89314;54;29836;3000.000000;0.000000;good;0;10.000000;0.000000;good;0;24.000000;-5.000000;0.000000;good;3.000000;;0.000000;good;0;;0;;0;0.000000;good;;0;0.000000;good;
MW064701.1;19B;0.000000;good;8;0;0;0;4;0;0;0;0;C8782T,T15927G,C17747T,A17858G,C18060T,A25094G,C26936T,T28144C;;;;ORF1b:P1427L,ORF1b:Y1464C,ORF8:L84S,S:N1178D;;;;;89314;54;29836;3000.000000;0.000000;good;0;10.000000;0.000000;good;0;24.000000;-5.000000;0.000000;good;3.000000;;0.000000;good;0;;0;;0;0.000000;good;;0;0.000000;good;
MW064703.1;19B;0.000000;good;6;0;0;0;4;0;0;0;0;C8782T,C17747T,A17858G,C18060T,G24815C,T28144C;;;;ORF1b:P1427L,ORF1b:Y1464C,ORF8:L84S,S:G1085R;;;;;89322;54;29836;3000.000000;0.000000;good;0;10.000000;0.000000;good;0;24.000000;-7.000000;0.000000;good;1.000000;;0.000000;good;0;;0;;0;0.000000;good;;0;0.000000;good;
MW064726.1;19B;0.000000;good;10;0;0;0;6;0;0;0;0;C6031T,C6633T,C8782T,C15240T,C17747T,A17858G,C18060T,C21774T,C22323T,T28144C;;;;ORF1a:A2123V,ORF1b:P1427L,ORF1b:Y1464C,ORF8:L84S,S:S71F,S:S254F;;;;;89306;54;29836;3000.000000;0.000000;good;0;10.000000;0.000000;good;0;24.000000;-3.000000;0.000000;good;5.000000;;0.000000;good;0;;0;;0;0.000000;good;;0;0.000000;good;
MW064780.1;20C;0.000000;good;8;0;0;0;6;0;0;0;0;C241T,C1059T,C3037T,C14408T,G22344A,A23403G,G25563T,C27964T;;;;ORF1a:T265I,ORF1b:P314L,ORF3a:Q57H,ORF8:S24L,S:G261D,S:D614G;;;;;89314;54;29836;3000.000000;0.000000;good;0;10.000000;0.000000;good;0;24.000000;-7.000000;0.000000;good;1.000000;;0.000000;good;0;;0;;0;0.000000;good;;0;0.000000;good;
MW064782.1;19A;0.000000;good;5;0;0;0;3;0;0;0;1;G1397A,G11083T,C23520T,T28688C,G29742T;;;;ORF1a:V378I,ORF1a:L3606F,S:A653V;;;;USCDC_N3_F:T28688C;89326;54;29836;3000.000000;0.000000;good;0;10.000000;0.000000;good;0;24.000000;-3.000000;0.000000;good;5.000000;;0.000000;good;0;;0;;0;0.000000;good;;0;0.000000;good;
MW064958.1;20C;0.000000;good;7;0;0;0;5;0;0;0;0;C241T,C1059T,C3037T,C14408T,A23403G,C23502T,G25563T;;;;ORF1a:T265I,ORF1b:P314L,ORF3a:Q57H,S:D614G,S:A647V;;;;;89318;54;29836;3000.000000;0.000000;good;0;10.000000;0.000000;good;0;24.000000;-7.000000;0.000000;good;1.000000;;0.000000;good;0;;0;;0;0.000000;good;;0;0.000000;good;
MW064971.1;20C;0.000000;good;11;0;0;0;7;0;0;0;0;C241T,C1059T,C3037T,C11916T,C13264T,C14408T,C18998T,A23403G,G23593T,G25563T,G29540A;;;;ORF1a:T265I,ORF1a:S3884L,ORF1b:P314L,ORF1b:A1844V,ORF3a:Q57H,S:D614G,S:Q677H;;;;;89302;54;29836;3000.000000;0.000000;good;0;10.000000;0.000000;good;0;24.000000;-6.000000;0.000000;good;2.000000;;0.000000;good;0;;0;;0;0.000000;good;;0;0.000000;good;
MW065004.1;19A;0.000000;good;7;0;0;0;4;0;0;0;0;A1515G,C9223T,G11083T,C14805T,T17247C,C23625T,G26144T;;;;ORF1a:H417R,ORF1a:L3606F,ORF3a:G251V,S:A688V;;;;;89318;54;29836;3000.000000;0.000000;good;0;10.000000;0.000000;good;0;24.000000;-6.000000;0.000000;good;2.000000;;0.000000;good;0;;0;;0;0.000000;good;;0;0.000000;good;
MW065012.1;20C;0.000000;good;9;0;0;0;7;0;0;0;0;C241T,G521T,C1059T,C3037T,C14408T,A23403G,G23621A,G25217T,G25563T;;;;ORF1a:V86F,ORF1a:T265I,ORF1b:P314L,ORF3a:Q57H,S:D614G,S:V687I,S:G1219C;;;;;89310;54;29836;3000.000000;0.000000;good;0;10.000000;0.000000;good;0;24.000000;-5.000000;0.000000;good;3.000000;;0.000000;good;0;;0;;0;0.000000;good;;0;0.000000;good;
MW065040.1;20C;0.000000;good;10;0;0;0;7;0;0;0;0;C241T,C1059T,C3037T,C10188T,C14408T,A23403G,C24921T,T24982C,G25563T,C27964T;;;;ORF1a:T265I,ORF1a:T3308I,ORF1b:P314L,ORF3a:Q57H,ORF8:S24L,S:D614G,S:T1120I;;;;;89306;54;29836;3000.000000;0.000000;good;0;10.000000;0.000000;good;0;24.000000;-5.000000;0.000000;good;3.000000;;0.000000;good;0;;0;;0;0.000000;good;;0;0.000000;good;
MW065092.1;20C;0.000000;good;10;0;0;0;7;0;0;0;0;C241T,C1059T,C3037T,C14408T,A23403G,G24914C,G25563T,C27964T,C28099T,C29627T;;;;ORF1a:T265I,ORF1b:P314L,ORF3a:Q57H,ORF8:S24L,ORF8:S69L,S:D614G,S:D1118H;;;;;89306;54;29836;3000.000000;0.000000;good;0;10.000000;0.000000;good;0;24.000000;-5.000000;0.000000;good;3.000000;;0.000000;good;0;;0;;0;0.000000;good;;0;0.000000;good;
MW065095.1;19B;0.000000;good;7;0;0;0;4;0;0;0;0;C8782T,C17747T,A17858G,C18060T,G23755T,A24694T,T28144C;;;;ORF1b:P1427L,ORF1b:Y1464C,ORF8:L84S,S:M731I;;;;;89318;54;29836;3000.000000;0.000000;good;0;10.000000;0.000000;good;0;24.000000;-7.000000;0.000000;good;1.000000;;0.000000;good;0;;0;;0;0.000000;good;;0;0.000000;good;
MW065134.1;20C;0.000000;good;11;0;0;0;7;0;0;0;0;C241T,T833C,C1059T,C3037T,C14408T,C15720T,C19290T,G21641T,A23403G,G25563T,C27964T;;;;ORF1a:F190L,ORF1a:T265I,ORF1b:P314L,ORF3a:Q57H,ORF8:S24L,S:A27S,S:D614G;;;;;89302;54;29836;3000.000000;0.000000;good;0;10.000000;0.000000;good;0;24.000000;-4.000000;0.000000;good;4.000000;;0.000000;good;0;;0;;0;0.000000;good;;0;0.000000;good;
MW065208.1;20A;0.000000;good;7;0;0;0;4;0;0;0;0;C241T,C2416T,C3037T,C14408T,A23403G,A23592G,G25563T;;;;ORF1b:P314L,ORF3a:Q57H,S:D614G,S:Q677R;;;;;89318;54;29836;3000.000000;0.000000;good;0;10.000000;0.000000;good;0;24.000000;-7.000000;0.000000;good;1.000000;;0.000000;good;0;;0;;0;0.000000;good;;0;0.000000;good;
MW065282.1;20C;0.000000;good;9;0;0;0;6;0;0;0;1;C241T,C1059T,C3037T,C14408T,C16260T,G21604T,A23403G,G25563T,C28821A;;;;N:S183Y,ORF1a:T265I,ORF1b:P314L,ORF3a:Q57H,S:Q14H,S:D614G;;;;Charit√©_N_R:C28821A;89310;54;29836;3000.000000;0.000000;good;0;10.000000;0.000000;good;0;24.000000;-7.000000;0.000000;good;1.000000;;0.000000;good;0;;0;;0;0.000000;good;;0;0.000000;good;
MW065285.1;20C;0.000000;good;7;0;0;0;5;0;0;0;0;C241T,C1059T,C3037T,C14408T,G23345A,A23403G,G25563T;;;;ORF1a:T265I,ORF1b:P314L,ORF3a:Q57H,S:V595I,S:D614G;;;;;89318;54;29836;3000.000000;0.000000;good;0;10.000000;0.000000;good;0;24.000000;-7.000000;0.000000;good;1.000000;;0.000000;good;0;;0;;0;0.000000;good;;0;0.000000;good;
MW065317.1;20C;0.000000;good;12;0;0;0;7;0;0;0;0;C241T,C1059T,C3037T,A3484G,G9388A,C11916T,C14408T,C18998T,C22314A,A23403G,G25563T,G29540A;;;;ORF1a:T265I,ORF1a:S3884L,ORF1b:P314L,ORF1b:A1844V,ORF3a:Q57H,S:P251H,S:D614G;;;;;89298;54;29836;3000.000000;0.000000;good;0;10.000000;0.000000;good;0;24.000000;-5.000000;0.000000;good;3.000000;;0.000000;good;0;;0;;0;0.000000;good;;0;0.000000;good;
MW065341.1;20C;0.000000;good;8;0;0;0;6;0;0;0;0;C241T,C1059T,C3037T,C14408T,G15760A,C21774T,A23403G,G25563T;;;;ORF1a:T265I,ORF1b:P314L,ORF1b:G765S,ORF3a:Q57H,S:S71F,S:D614G;;;;;89314;54;29836;3000.000000;0.000000;good;0;10.000000;0.000000;good;0;24.000000;-6.000000;0.000000;good;2.000000;;0.000000;good;0;;0;;0;0.000000;good;;0;0.000000;good;
MW065368.1;20B;0.000000;good;9;0;0;0;6;0;0;0;3;C241T,C3037T,C14408T,T15047C,A23403G,G25284A,G28881A,G28882A,G28883C;;;;N:R203K,N:G204R,ORF1b:P314L,ORF1b:I527T,S:D614G,S:C1241Y;;;;"ChinaCDC_N_F:G28881A;G28882A;G28883C";89310;54;29836;3000.000000;0.000000;good;0;10.000000;0.000000;good;0;24.000000;-6.000000;0.000000;good;2.000000;;0.000000;good;0;;0;;0;0.000000;good;;0;0.000000;good;
MW065385.1;20A;0.000000;good;7;0;0;0;4;0;0;0;0;C241T,C3037T,G3871T,C14408T,G22014T,A23403G,A28043G;;;;ORF1a:K1202N,ORF1b:P314L,S:S151I,S:D614G;;;;;89318;54;29836;3000.000000;0.000000;good;0;10.000000;0.000000;good;0;24.000000;-5.000000;0.000000;good;3.000000;;0.000000;good;0;;0;;0;0.000000;good;;0;0.000000;good;
MW065399.1;20C;0.000000;good;8;0;0;0;6;0;0;0;0;C241T,C1059T,C3037T,C14408T,A21137G,A23403G,T23491A,G25563T;;;;ORF1a:T265I,ORF1b:P314L,ORF1b:K2557R,ORF3a:Q57H,S:D614G,S:F643L;;;;;89314;54;29836;3000.000000;0.000000;good;0;10.000000;0.000000;good;0;24.000000;-6.000000;0.000000;good;2.000000;;0.000000;good;0;;0;;0;0.000000;good;;0;0.000000;good;
MW065403.1;20C;0.000000;good;10;0;0;0;7;0;0;0;0;C241T,C1059T,C3037T,C10319T,C14408T,T16047C,G22380A,A23403G,G25563T,C27964T;;;;ORF1a:T265I,ORF1a:L3352F,ORF1b:P314L,ORF3a:Q57H,ORF8:S24L,S:R273K,S:D614G;;;;;89306;54;29836;3000.000000;0.000000;good;0;10.000000;0.000000;good;0;24.000000;-6.000000;0.000000;good;2.000000;;0.000000;good;0;;0;;0;0.000000;good;;0;0.000000;good;
MT951951.1;19B;0.000000;good;9;0;0;0;4;0;0;0;0;C1912T,C2676T,C8782T,A22606T,T24725G,T28144C,G28878A,G29742A,A29874T;;;;N:S202N,ORF1a:P804L,ORF8:L84S,S:S1055A;;;;;89610;0;29882;3000.000000;0.000000;good;0;10.000000;0.000000;good;0;24.000000;-3.000000;0.000000;good;5.000000;;0.000000;good;0;;0;;0;0.000000;good;;0;0.000000;good;
MT951960.1;20A;0.000000;good;9;0;0;0;6;0;0;0;1;C241T,C2416T,C3037T,C10712T,C14408T,A23403G,T25304C,G25563T,C28890T;;;;N:S206F,ORF1a:L3483F,ORF1b:P314L,ORF3a:Q57H,S:D614G,S:C1248R;;;;ChinaCDC_N_F:C28890T;89604;23;29903;3000.000000;0.000000;good;0;10.000000;0.000000;good;0;24.000000;-5.000000;0.000000;good;3.000000;;0.000000;good;0;;0;;0;0.000000;good;;0;0.000000;good;
MT911796.1;20A;0.000000;good;6;0;0;0;3;0;6;0;0;C241T,C3037T,C14408T,A20268G,C21597T,A23403G;;;;ORF1b:P314L,S:S12F,S:D614G;;29863-29868;;;89637;16;29903;3000.000000;0.000000;good;6;10.000000;0.000000;good;0;24.000000;-7.000000;0.000000;good;1.000000;;0.000000;good;0;;0;;0;0.000000;good;;0;0.000000;good;
MT886299.1;20A;0.000000;good;6;0;0;0;3;0;0;0;0;C241T,C3037T,C14408T,G22241T,C22450T,A23403G;;;;ORF1b:P314L,S:V227L,S:D614G;;;;;89205;80;29823;3000.000000;0.000000;good;0;10.000000;0.000000;good;0;24.000000;-6.000000;0.000000;good;2.000000;;0.000000;good;0;;0;;0;0.000000;good;;0;0.000000;good;
MT886333.1;20C;0.000000;good;9;0;0;0;6;0;0;0;0;G204T,C241T,C1059T,C3037T,G8676T,C14408T,A23403G,C23733A,G25563T;;;;ORF1a:T265I,ORF1a:S2804I,ORF1b:P314L,ORF3a:Q57H,S:D614G,S:T724K;;;;;89031;134;29823;3000.000000;0.000000;good;0;10.000000;0.000000;good;0;24.000000;-5.000000;0.000000;good;3.000000;;0.000000;good;0;;0;;0;0.000000;good;;0;0.000000;good;
MT886345.1;20A;0.000000;good;11;0;0;0;6;0;0;0;0;C241T,C2416T,C3037T,G6877T,C10369T,C14408T,G19648T,A23403G,C23565T,G25563T,G26233T;;;;ORF1a:K2204N,ORF1b:P314L,ORF1b:V2061L,ORF3a:Q57H,S:D614G,S:A668V;;;;;89185;80;29823;3000.000000;0.000000;good;0;10.000000;0.000000;good;0;24.000000;-3.000000;0.000000;good;5.000000;;0.000000;good;0;;0;;0;0.000000;good;;0;0.000000;good;
MT886375.1;20A;0.000000;good;6;0;0;0;3;0;0;0;0;C241T,C3037T,C14408T,T22092A,C22450T,A23403G;;;;ORF1b:P314L,S:M177K,S:D614G;;;;;89172;91;29823;3000.000000;0.000000;good;0;10.000000;0.000000;good;0;24.000000;-6.000000;0.000000;good;2.000000;;0.000000;good;0;;0;;0;0.000000;good;;0;0.000000;good;
MT873332.1;19B;0.000000;good;6;0;0;0;4;0;0;0;0;C8782T,C17747T,A17858G,C18060T,C21789T,T28144C;;;;ORF1b:P1427L,ORF1b:Y1464C,ORF8:L84S,S:T76I;;;;;89673;4;29903;3000.000000;0.000000;good;0;10.000000;0.000000;good;0;24.000000;-7.000000;0.000000;good;1.000000;;0.000000;good;0;;0;;0;0.000000;good;;0;0.000000;good;
MT846431.1;20A;0.000000;good;9;0;0;0;5;0;0;0;0;C241T,C3037T,C5467T,C8389T,C14408T,A23403G,G24050T,G25563T,C26191T;;;;ORF1b:P314L,ORF3a:Q57H,ORF3a:P267S,S:D614G,S:D830Y;;;;;89514;4;29854;3000.000000;0.000000;good;0;10.000000;0.000000;good;0;24.000000;-3.000000;0.000000;good;5.000000;;0.000000;good;0;;0;;0;0.000000;good;;0;0.000000;good;
MT834617.1;19B;0.000000;good;7;0;0;0;4;0;0;0;0;C8782T,C17747T,A17858G,C18060T,C24240T,A24694T,T28144C;;;;ORF1b:P1427L,ORF1b:Y1464C,ORF8:L84S,S:A893V;;;;;89525;2;29853;3000.000000;0.000000;good;0;10.000000;0.000000;good;0;24.000000;-7.000000;0.000000;good;1.000000;;0.000000;good;0;;0;;0;0.000000;good;;0;0.000000;good;
MT810483.1;19A;0.694444;good;10;0;0;0;7;0;0;0;1;C884T,G1397A,A5742T,G8653T,A10512G,G11083T,A12130G,C16111T,G22745A,T28688C;;;;ORF1a:R207C,ORF1a:V378I,ORF1a:E1826V,ORF1a:M2796I,ORF1a:D3416G,ORF1a:L3606F,S:V395I;;;;USCDC_N3_F:T28688C;88187;265;29674;3000.000000;0.000000;good;0;10.000000;0.000000;good;0;24.000000;2.000000;8.333333;good;10.000000;;0.000000;good;0;;0;;0;0.000000;good;;0;0.000000;good;
MT810534.1;20C;0.000000;good;9;0;0;0;6;0;0;0;0;C379A,C1059T,C3037T,G4657A,G6170C,C14408T,G21578T,A23403G,G25563T;;;;ORF1a:T265I,ORF1a:A1969P,ORF1b:P314L,ORF3a:Q57H,S:V6F,S:D614G;;;;;88191;265;29674;3000.000000;0.000000;good;0;10.000000;0.000000;good;0;24.000000;-4.000000;0.000000;good;4.000000;;0.000000;good;0;;0;;0;0.000000;good;;0;0.000000;good;
MT810836.1;19A;0.000000;good;6;0;0;0;5;0;0;0;0;G11083T,C14805T,C18086T,G23012C,G26144T,G28842T;;;;N:S190I,ORF1a:L3606F,ORF1b:T1540I,ORF3a:G251V,S:E484Q;;;;;88203;265;29674;3000.000000;0.000000;good;0;10.000000;0.000000;good;0;24.000000;-5.000000;0.000000;good;3.000000;;0.000000;good;0;;0;;0;0.000000;good;;0;0.000000;good;
MT810916.1;20C;0.000000;good;7;0;0;0;6;0;0;0;0;C1059T,C3037T,C6255T,C14408T,A23403G,G23426T,G25563T;;;;ORF1a:T265I,ORF1a:A1997V,ORF1b:P314L,ORF3a:Q57H,S:D614G,S:V622F;;;;;88199;265;29674;3000.000000;0.000000;good;0;10.000000;0.000000;good;0;24.000000;-6.000000;0.000000;good;2.000000;;0.000000;good;0;;0;;0;0.000000;good;;0;0.000000;good;
MT252714.1;19B;0.000000;good;5;0;0;0;3;0;0;0;0;C8782T,C17747T,A17858G,C18060T,T28144C;;;;ORF1b:P1427L,ORF1b:Y1464C,ORF8:L84S;;;;;89425;49;29864;3000.000000;0.000000;good;0;10.000000;0.000000;good;0;24.000000;-8.000000;0.000000;good;0.000000;;0.000000;good;0;;0;;0;0.000000;good;;0;0.000000;good;
MT252753.1;19A;1.173611;good;13;0;0;0;5;0;0;1;0;A34C,A35T,C36T,A1515G,G1944A,C9223T,G11083T,C14805T,T17247C,A17799G,C23987T,G26144T,G29862A;;;;ORF1a:H417R,ORF1a:R560H,ORF1a:L3606F,ORF3a:G251V,S:P809S;;;H:37;;89564;31;29903;3000.000000;0.000000;good;0;10.000000;10.000000;good;1;24.000000;1.000000;4.166667;good;9.000000;;0.000000;good;0;;0;;0;0.000000;good;;0;0.000000;good;
MT706135.1;20C;0.000000;good;10;0;0;0;6;0;0;0;0;C241T,C1059T,C3037T,C12809T,C14408T,A22524T,A23403G,T25476C,G25563T,C26625T;;;;ORF1a:T265I,ORF1a:L4182F,ORF1b:P314L,ORF3a:Q57H,S:Q321L,S:D614G;;;;;89306;54;29836;3000.000000;0.000000;good;0;10.000000;0.000000;good;0;24.000000;-4.000000;0.000000;good;4.000000;;0.000000;good;0;;0;;0;0.000000;good;;0;0.000000;good;
MT706244.1;20A;0.000000;good;6;0;0;0;4;0;0;0;0;C241T,C3037T,C13517T,C14408T,A23403G,C25350T;;;;ORF1b:T17I,ORF1b:P314L,S:D614G,S:P1263L;;;;;89322;54;29836;3000.000000;0.000000;good;0;10.000000;0.000000;good;0;24.000000;-6.000000;0.000000;good;2.000000;;0.000000;good;0;;0;;0;0.000000;good;;0;0.000000;good;
MT646082.1;20A;0.000000;good;9;0;0;0;6;0;1;0;0;C241T,C2416T,C3037T,G4523A,C10712T,C14408T,A21958C,A23403G,G25563T;;;;ORF1a:A1420T,ORF1a:L3483F,ORF1b:P314L,ORF3a:Q57H,S:E132D,S:D614G;;1001;;;89310;54;29836;3000.000000;0.000000;good;1;10.000000;0.000000;good;0;24.000000;-5.000000;0.000000;good;3.000000;;0.000000;good;0;;0;;0;0.000000;good;;0;0.000000;good;
MT627216.1;19B;0.000000;good;7;0;0;0;5;0;0;0;0;C5622T,C8782T,C17747T,A17858G,C18060T,T23010C,T28144C;;;;ORF1a:P1786L,ORF1b:P1427L,ORF1b:Y1464C,ORF8:L84S,S:V483A;;;;;89576;2;29870;3000.000000;0.000000;good;0;10.000000;0.000000;good;0;24.000000;-6.000000;0.000000;good;2.000000;;0.000000;good;0;;0;;0;0.000000;good;;0;0.000000;good;
MT627233.1;19B;0.000000;good;7;0;0;0;4;0;0;0;0;C8782T,C15240T,C17747T,A17858G,C18060T,C21774T,T28144C;;;;ORF1b:P1427L,ORF1b:Y1464C,ORF8:L84S,S:S71F;;;;;89546;13;29871;3000.000000;0.000000;good;0;10.000000;0.000000;good;0;24.000000;-6.000000;0.000000;good;2.000000;;0.000000;good;0;;0;;0;0.000000;good;;0;0.000000;good;
MT627241.1;19B;0.000000;good;6;0;0;0;4;0;0;0;0;C8782T,C17747T,A17858G,C18060T,G22988A,T28144C;;;;ORF1b:P1427L,ORF1b:Y1464C,ORF8:L84S,S:G476S;;;;;89580;2;29870;3000.000000;0.000000;good;0;10.000000;0.000000;good;0;24.000000;-7.000000;0.000000;good;1.000000;;0.000000;good;0;;0;;0;0.000000;good;;0;0.000000;good;
MT627292.1;19B;0.000000;good;6;0;0;0;4;0;0;0;0;C8782T,C17747T,A17858G,C18060T,C23202T,T28144C;;;;ORF1b:P1427L,ORF1b:Y1464C,ORF8:L84S,S:T547I;;;;;89550;12;29870;3000.000000;0.000000;good;0;10.000000;0.000000;good;0;24.000000;-7.000000;0.000000;good;1.000000;;0.000000;good;0;;0;;0;0.000000;good;;0;0.000000;good;
MT627414.1;19B;0.000000;good;8;0;0;0;6;0;0;0;0;C4115T,C8782T,C17747T,A17858G,C18060T,A22005G,C25046T,T28144C;;;;ORF1a:P1284S,ORF1b:P1427L,ORF1b:Y1464C,ORF8:L84S,S:N148S,S:P1162S;;;;;89656;7;29903;3000.000000;0.000000;good;0;10.000000;0.000000;good;0;24.000000;-5.000000;0.000000;good;3.000000;;0.000000;good;0;;0;;0;0.000000;good;;0;0.000000;good;
MT632582.1;19B;0.000000;good;6;0;0;0;4;0;0;0;0;C8782T,C17747T,A17858G,C18060T,G23120T,T28144C;;;;ORF1b:P1427L,ORF1b:Y1464C,ORF8:L84S,S:A520S;;;;;89544;14;29870;3000.000000;0.000000;good;0;10.000000;0.000000;good;0;24.000000;-7.000000;0.000000;good;1.000000;;0.000000;good;0;;0;;0;0.000000;good;;0;0.000000;good;
MT614457.1;19A;0.000000;good;9;0;0;0;8;0;0;0;0;A2480G,C2558T,A3632G,A10260G,G11083T,C14805T,G25218T,G26144T,C28531T;;;;ORF1a:I739V,ORF1a:P765S,ORF1a:N1123D,ORF1a:Q3332R,ORF1a:L3606F,ORF3a:G251V,ORF9b:T83I,S:G1219V;;;;;89310;54;29836;3000.000000;0.000000;good;0;10.000000;0.000000;good;0;24.000000;-3.000000;0.000000;good;5.000000;;0.000000;good;0;;0;;0;0.000000;good;;0;0.000000;good;
MT614463.1;19B;0.000000;good;9;0;0;0;7;0;0;0;0;G2840A,C8782T,C17747T,A17858G,C18060T,C24381T,A26045G,T28144C,C29429A;;;;N:Q386K,ORF1a:A859T,ORF1b:P1427L,ORF1b:Y1464C,ORF3a:Q218R,ORF8:L84S,S:S940F;;;;;89310;54;29836;3000.000000;0.000000;good;0;10.000000;0.000000;good;0;24.000000;-4.000000;0.000000;good;4.000000;;0.000000;good;0;;0;;0;0.000000;good;;0;0.000000;good;
MT614474.1;19B;0.000000;good;8;0;0;0;6;0;0;0;0;G2840A,C8782T,C17747T,A17858G,C18060T,A22296G,A26045G,T28144C;;;;ORF1a:A859T,ORF1b:P1427L,ORF1b:Y1464C,ORF3a:Q218R,ORF8:L84S,S:H245R;;;;;89314;54;29836;3000.000000;0.000000;good;0;10.000000;0.000000;good;0;24.000000;-5.000000;0.000000;good;3.000000;;0.000000;good;0;;0;;0;0.000000;good;;0;0.000000;good;
MT614536.1;20C;0.000000;good;7;0;0;0;5;0;0;0;0;C241T,C1059T,C3037T,C14408T,A23403G,C23895T,G25563T;;;;ORF1a:T265I,ORF1b:P314L,ORF3a:Q57H,S:D614G,S:T778I;;;;;89318;54;29836;3000.000000;0.000000;good;0;10.000000;0.000000;good;0;24.000000;-7.000000;0.000000;good;1.000000;;0.000000;good;0;;0;;0;0.000000;good;;0;0.000000;good;
MT520533.1;20A;0.000000;good;8;0;0;0;5;0;0;0;0;C241T,C2416T,C3037T,C14408T,G22361T,A23403G,C24096A,G25563T;;;;ORF1b:P314L,ORF3a:Q57H,S:V267L,S:D614G,S:A845D;;;;;89494;22;29864;3000.000000;0.000000;good;0;10.000000;0.000000;good;0;24.000000;-6.000000;0.000000;good;2.000000;;0.000000;good;0;;0;;0;0.000000;good;;0;0.000000;good;
MT506885.1;20C;0.000000;good;9;0;0;0;6;0;0;0;0;C241T,C1059T,C3037T,T6814C,G11083T,C14408T,G22203T,A23403G,G25563T;;;;ORF1a:T265I,ORF1a:L3606F,ORF1b:P314L,ORF3a:Q57H,S:R214L,S:D614G;;;;;89310;54;29836;3000.000000;0.000000;good;0;10.000000;0.000000;good;0;24.000000;-6.000000;0.000000;good;2.000000;;0.000000;good;0;;0;;0;0.000000;good;;0;0.000000;good;
MT472626.1;20A;0.000000;good;6;0;0;0;4;0;0;0;0;C241T,C3037T,C14408T,G22335T,A23403G,G28931A;;;;N:A220T,ORF1b:P314L,S:W258L,S:D614G;;;;;89622;0;29882;3000.000000;0.000000;good;0;10.000000;0.000000;good;0;24.000000;-6.000000;0.000000;good;2.000000;;0.000000;good;0;;0;;0;0.000000;good;;0;0.000000;good;
MT434785.1;19A;0.000000;good;4;0;0;0;3;0;0;0;0;G11083T,T17247C,G24095T,G26144T;;;;ORF1a:L3606F,ORF3a:G251V,S:A845S;;;;;89630;0;29882;3000.000000;0.000000;good;0;10.000000;0.000000;good;0;24.000000;-6.000000;0.000000;good;2.000000;;0.000000;good;0;;0;;0;0.000000;good;;0;0.000000;good;
MT434799.1;20C;0.000000;good;6;0;0;0;5;0;0;0;0;C241T,C1059T,C14408T,C21846T,A23403G,G25563T;;;;ORF1a:T265I,ORF1b:P314L,ORF3a:Q57H,S:T95I,S:D614G;;;;;89622;0;29882;3000.000000;0.000000;good;0;10.000000;0.000000;good;0;24.000000;-6.000000;0.000000;good;2.000000;;0.000000;good;0;;0;;0;0.000000;good;;0;0.000000;good;
MT412173.1;20A;0.000000;good;6;0;0;0;4;0;46;0;0;C241T,C3037T,C3876T,C14408T,T23042C,A23403G;;;;ORF1a:A1204V,ORF1b:P314L,S:S494P,S:D614G;;19512-19557;;;89508;9;29853;3000.000000;0.000000;good;46;10.000000;0.000000;good;0;24.000000;-6.000000;0.000000;good;2.000000;;0.000000;good;0;;0;;0;0.000000;good;;0;0.000000;good;
MT252781.1;20C;0.000000;good;7;0;0;0;5;0;11;0;0;C241T,C1059T,C3037T,C14408T,A23403G,G25302T,G25563T;;;;ORF1a:T265I,ORF1b:P314L,ORF3a:Q57H,S:D614G,S:C1247F;;29865-29867,29869,29871-29877;;;89543;42;29899;3000.000000;0.000000;good;11;10.000000;0.000000;good;0;24.000000;-7.000000;0.000000;good;1.000000;;0.000000;good;0;;0;;0;0.000000;good;;0;0.000000;good;
MT370831.1;20C;0.000000;good;12;0;0;0;7;0;0;0;0;C241T,C1059T,C3037T,A11101G,C11916T,C14408T,C18998T,G21830T,G22468T,A23403G,G25563T,G29540A;;;;ORF1a:T265I,ORF1a:S3884L,ORF1b:P314L,ORF1b:A1844V,ORF3a:Q57H,S:V90F,S:D614G;;;;;89100;64;29780;3000.000000;0.000000;good;0;10.000000;0.000000;good;0;24.000000;-5.000000;0.000000;good;3.000000;;0.000000;good;0;;0;;0;0.000000;good;;0;0.000000;good;
MT370859.1;20C;0.000000;good;9;0;0;0;7;0;0;0;0;C241T,C1059T,C3037T,A7770G,C14408T,A20755C,A22455G,A23403G,G25563T;;;;ORF1a:T265I,ORF1a:H2502R,ORF1b:P314L,ORF1b:S2430R,ORF3a:Q57H,S:E298G,S:D614G;;;;;89139;59;29784;3000.000000;0.000000;good;0;10.000000;0.000000;good;0;24.000000;-5.000000;0.000000;good;3.000000;;0.000000;good;0;;0;;0;0.000000;good;;0;0.000000;good;
MT350252.1;20C;1.000000;good;7;0;0;0;5;0;9;1;0;C241T,C1059T,C3037T,C14408T,A23403G,G24755T,G25563T;;;;ORF1a:T265I,ORF1b:P314L,ORF3a:Q57H,S:D614G,S:V1065L;;29862-29870;Y:11;;89654;9;29903;3000.000000;0.000000;good;9;10.000000;10.000000;good;1;24.000000;-7.000000;0.000000;good;1.000000;;0.000000;good;0;;0;;0;0.000000;good;;0;0.000000;good;
MT344950.1;20A;0.000000;good;7;21;0;0;4;0;0;0;0;C241T,C2416T,C3037T,C14408T,A23403G,C25169T,G25563T;29733-29753;;;ORF1b:P314L,ORF3a:Q57H,S:D614G,S:L1203F;;;;;89549;0;29882;3000.000000;0.000000;good;0;10.000000;0.000000;good;0;24.000000;-7.000000;0.000000;good;1.000000;;0.000000;good;0;;0;;0;0.000000;good;;0;0.000000;good;
MT334539.1;20C;0.000000;good;9;3;0;0;8;1;68;0;0;C241T,C1059T,C1887T,C3037T,C14408T,A17615G,A23403G,G24794T,G25563T;669-671;;;ORF1a:Y136N,ORF1a:T265I,ORF1a:A541V,ORF1b:P314L,ORF1b:K1383R,ORF3a:Q57H,S:D614G,S:A1078S;ORF1a:S135-;19496-19558,29865-29868,29870;;;89542;38;29903;3000.000000;0.000000;good;68;10.000000;0.000000;good;0;24.000000;-5.000000;0.000000;good;3.000000;;0.000000;good;0;;0;;0;0.000000;good;;0;0.000000;good;
MT325575.1;19B;0.000000;good;10;0;0;0;6;0;0;0;0;T490A,C3177T,C8782T,T18736C,C21588T,C24034T,T26729C,G28077C,T28144C,A29700G;;;;ORF1a:D75E,ORF1a:P971L,ORF1b:F1757L,ORF8:V62L,ORF8:L84S,S:P9L;;;;;89606;0;29882;3000.000000;0.000000;good;0;10.000000;0.000000;good;0;24.000000;-7.000000;0.000000;good;1.000000;;0.000000;good;0;;0;;0;0.000000;good;;0;0.000000;good;
MT263387.1;19B;0.000000;good;7;0;0;0;4;0;204;0;0;C8782T,C17747T,A17858G,C18060T,G25337C,T28144C,A29869C;;;;ORF1b:P1427L,ORF1b:Y1464C,ORF8:L84S,S:D1259H;;156-162,199-259,337-382,466-553,29863-29864;;;89495;62;29903;3000.000000;0.000000;good;204;10.000000;0.000000;good;0;24.000000;-6.000000;0.000000;good;2.000000;;0.000000;good;0;;0;;0;0.000000;good;;0;0.000000;good;
MT263416.1;19B;0.000000;good;7;0;0;0;5;0;0;0;0;C8782T,G11083T,C17747T,A17858G,C18060T,G21850T,T28144C;;;;ORF1a:L3606F,ORF1b:P1427L,ORF1b:Y1464C,ORF8:L84S,S:E96D;;;;;89417;49;29864;3000.000000;0.000000;good;0;10.000000;0.000000;good;0;24.000000;-6.000000;0.000000;good;2.000000;;0.000000;good;0;;0;;0;0.000000;good;;0;0.000000;good;
MT263457.1;19B;0.000000;good;8;0;0;0;5;0;0;0;0;C7518T,C8782T,C17747T,A17858G,C18060T,T23119A,A27525G,T28144C;;;;ORF1a:A2418V,ORF1b:P1427L,ORF1b:Y1464C,ORF8:L84S,S:H519Q;;;;;89371;74;29875;3000.000000;0.000000;good;0;10.000000;0.000000;good;0;24.000000;-5.000000;0.000000;good;3.000000;;0.000000;good;0;;0;;0;0.000000;good;;0;0.000000;good;
MT259249.1;20C;0.000000;good;9;0;0;0;7;0;0;0;0;C241T,C1059T,C1191T,C3037T,C14408T,G21724C,A23403G,G25563T,C27964T;;;;ORF1a:T265I,ORF1a:P309L,ORF1b:P314L,ORF3a:Q57H,ORF8:S24L,S:L54F,S:D614G;;;;;89427;82;29903;3000.000000;0.000000;good;0;10.000000;0.000000;good;0;24.000000;-6.000000;0.000000;good;2.000000;;0.000000;good;0;;0;;0;0.000000;good;;0;0.000000;good;
MT259253.1;19B;0.000000;good;8;0;0;0;6;0;0;0;0;G3955T,A8681G,C8782T,C17747T,A17858G,C18060T,G22604A,T28144C;;;;ORF1a:K1230N,ORF1a:I2806V,ORF1b:P1427L,ORF1b:Y1464C,ORF8:L84S,S:A348T;;;;;89407;90;29903;3000.000000;0.000000;good;0;10.000000;0.000000;good;0;24.000000;-5.000000;0.000000;good;3.000000;;0.000000;good;0;;0;;0;0.000000;good;;0;0.000000;good;
MT246461.1;19B;0.000000;good;7;0;3;0;5;0;0;0;0;C8782T,C17747T,A17858G,C18060T,C21575T,G22988A,T28144C;;38:TTT;;ORF1b:P1427L,ORF1b:Y1464C,ORF8:L84S,S:L5F,S:G476S;;;;;89570;35;29903;3000.000000;0.000000;good;0;10.000000;0.000000;good;0;24.000000;-6.000000;0.000000;good;2.000000;;0.000000;good;0;;0;;0;0.000000;good;;0;0.000000;good;
MT027064.1;19A;0.000000;good;2;0;0;0;2;0;0;0;0;C2091T,C21707T;;;;ORF1a:T609I,S:H49Y;;;;;89638;0;29882;3000.000000;0.000000;good;0;10.000000;0.000000;good;0;24.000000;-6.000000;0.000000;good;2.000000;;0.000000;good;0;;0;;0;0.000000;good;;0;0.000000;good;
